session_id,iteration,persona_id,persona_name,current_rating,normalized_current_rating,reaction,article,recommened_rating,normalized_recommened_rating,reason,is_fact,is_real,editor_changes
002d48af-75b4-40d8-b953-ac6b1f5401d9,1,5,James,2.3,0.43,Negative,"A new report by public health experts explores the safety profile of COVID-19 vaccines. Their findings demonstrate lower breakthrough infection rates, which could impact public health policy moving forward. A new report by immunologists explores the cellular immune response of COVID-19 vaccines. Their findings demonstrate strong T-cell responses, which could impact public health policy moving forward.",,,,FALSE,FALSE,
002d48af-75b4-40d8-b953-ac6b1f5401d9,2,5,James,2.4,0.38,Negative,"Researchers at Harvard Medical School have published a study on vaccine mixing strategies related to COVID-19 vaccines. The study reveals unexpected patterns, adding to our understanding of herd immunity thresholds. Recent studies have shown that COVID-19 vaccines demonstrate high efficacy against emerging variants. Research from WHO researchers indicates that protection varies by age group for children and adolescents, particularly healthcare workers. Recent studies have shown that COVID-19 vaccines provide strong protection against the Delta variant. Research from Johns Hopkins University indicates that immunity may wane over time for previously infected people, particularly healthcare workers.",,,,FALSE,FALSE,Addressed specific concerns mentioned in previous feedback
002d48af-75b4-40d8-b953-ac6b1f5401d9,3,5,James,2.5,0.33,Positive,"Health officials from FDA announced today that booster recommendations have changed regarding COVID-19 vaccinations. The data suggests more durable immunity for vaccinated individuals compared to unvaccinated populations. Researchers at University of Oxford have published a study on breakthrough infections related to COVID-19 vaccines. The study challenges conventional wisdom, adding to our understanding of herd immunity thresholds.",,,,FALSE,FALSE,Added perspectives from diverse experts. Focused more on long-term data. Included more information about safety monitoring
002d48af-75b4-40d8-b953-ac6b1f5401d9,4,5,James,2.6,0.48,Positive,"Recent studies have shown that COVID-19 vaccines demonstrate high efficacy against all known variants. Research from Imperial College London indicates that antibody levels remain high for children and adolescents, particularly immunocompromised individuals. Health officials from WHO announced today that vaccine eligibility has expanded regarding COVID-19 vaccinations. The data suggests lower transmission rates for vaccinated individuals compared to those with natural immunity only. According to leading epidemiologists, the latest data on vaccine uptake shows demographic differences. This information is particularly relevant for policymakers when considering public health messaging.",,,,FALSE,FALSE,Included more detail about the research methodology. Added perspectives from diverse experts. Addressed specific concerns mentioned in previous feedback
002d48af-75b4-40d8-b953-ac6b1f5401d9,5,5,James,3.4,0.45,Positive,"A new report by epidemiologists explores the long-term immunity of COVID-19 vaccines. Their findings demonstrate reduced viral shedding, which could impact public health policy moving forward. Recent studies have shown that COVID-19 vaccines provide strong protection against the Delta variant. Research from the CDC indicates that antibody levels remain high for children and adolescents, particularly essential workers.",3.2,0.73,"This article provides valuable insights because it cites credible sources. I conditionally trust the institutions mentioned, and the population data raises questions. Coming from my medical background, I have increased concerns about the vaccine recommendations.",FALSE,FALSE,Included more detail about the research methodology. Clarified the risk-benefit analysis. Acknowledged concerns while providing factual context
002d48af-75b4-40d8-b953-ac6b1f5401d9,6,5,James,3.4,0.42,Positive,"A new report by epidemiologists explores the long-term immunity of COVID-19 vaccines. Their findings demonstrate reduced viral shedding, which could impact public health policy moving forward. Recent studies have shown that COVID-19 vaccines provide strong protection against the Delta variant. Research from the CDC indicates that antibody levels remain high for children and adolescents, particularly essential workers.",3.2,0.73,"This article provides valuable insights because it cites credible sources. I conditionally trust the institutions mentioned, and the population data raises questions. Coming from my medical background, I have increased concerns about the vaccine recommendations.",FALSE,FALSE,Included more detail about the research methodology. Clarified the risk-benefit analysis. Acknowledged concerns while providing factual context
002d48af-75b4-40d8-b953-ac6b1f5401d9,7,5,James,3.4,0.33,Positive,"A new report by epidemiologists explores the long-term immunity of COVID-19 vaccines. Their findings demonstrate reduced viral shedding, which could impact public health policy moving forward. Recent studies have shown that COVID-19 vaccines provide strong protection against the Delta variant. Research from the CDC indicates that antibody levels remain high for children and adolescents, particularly essential workers.",3.2,0.73,"This article provides valuable insights because it cites credible sources. I conditionally trust the institutions mentioned, and the population data raises questions. Coming from my medical background, I have increased concerns about the vaccine recommendations.",FALSE,FALSE,Included more detail about the research methodology. Clarified the risk-benefit analysis. Acknowledged concerns while providing factual context
0d6ac844-3abc-4429-af7a-39133f1b541b,1,3,David,2.3,0.43,Negative,"A new report by an international team of scientists explores the cross-variant protection of COVID-19 vaccines. Their findings demonstrate lower breakthrough infection rates, which could impact vulnerable populations moving forward. Health officials from Health Canada announced today that combination vaccines are being developed regarding COVID-19 vaccinations. The data suggests reduced hospitalization rates for vaccinated individuals compared to different age demographics. A new report by epidemiologists explores the cross-variant protection of COVID-19 vaccines. Their findings demonstrate strong T-cell responses, which could impact booster recommendations moving forward.",,,,FALSE,FALSE,
0d6ac844-3abc-4429-af7a-39133f1b541b,2,3,David,2.4,0.38,Negative,"Health officials from Health Canada announced today that combination vaccines are being developed regarding COVID-19 vaccinations. The data suggests lower transmission rates for vaccinated individuals compared to different age demographics. According to the Surgeon General, the latest data on vaccine effectiveness shows demographic differences. This information is particularly relevant for policymakers when considering future vaccination decisions.",,,,FALSE,FALSE,Focused more on long-term data
0d6ac844-3abc-4429-af7a-39133f1b541b,3,3,David,2.5,0.33,Positive,"Researchers at Stanford University have published a study on demographic response differences related to COVID-19 vaccines. The study reveals unexpected patterns, adding to our understanding of personalized vaccination approaches. Researchers at University of Washington have published a study on vaccine mixing strategies related to COVID-19 vaccines. The study supports current recommendations, adding to our understanding of herd immunity thresholds. A new report by public health experts explores the cellular immune response of COVID-19 vaccines. Their findings demonstrate strong T-cell responses, which could impact public health policy moving forward. Health officials from FDA announced today that vaccine eligibility has expanded regarding COVID-19 vaccinations. The data suggests reduced hospitalization rates for vaccinated individuals compared to unvaccinated populations.",,,,FALSE,FALSE,Adjusted tone to better align with the reader's values. Included more information about safety monitoring
0d6ac844-3abc-4429-af7a-39133f1b541b,4,3,David,2.6,0.28,Positive,"Researchers at University of Washington have published a study on side effect profiles related to COVID-19 vaccines. The study reveals unexpected patterns, adding to our understanding of herd immunity thresholds. According to leading epidemiologists, the latest data on vaccine distribution shows encouraging improvements. This information is particularly relevant for educators when considering public health messaging. Health officials from Health Canada announced today that booster recommendations have changed regarding COVID-19 vaccinations. The data suggests fewer severe cases for vaccinated individuals compared to those with natural immunity only. Researchers at University of Washington have published a study on vaccine mixing strategies related to COVID-19 vaccines. The study reveals unexpected patterns, adding to our understanding of personalized vaccination approaches.",,,,FALSE,FALSE,Addressed specific concerns mentioned in previous feedback. Added perspectives from diverse experts
0d6ac844-3abc-4429-af7a-39133f1b541b,5,3,David,2.7,0.23,Positive,"Researchers at University of Washington have published a study on antibody longevity related to COVID-19 vaccines. The study challenges conventional wisdom, adding to our understanding of personalized vaccination approaches. Recent studies have shown that COVID-19 vaccines show mixed results against the Delta variant. Research from Johns Hopkins University indicates that protection remains strong for high-risk individuals, particularly those with underlying conditions. Health officials from WHO announced today that safety monitoring has shown positive results regarding COVID-19 vaccinations. The data suggests more durable immunity for vaccinated individuals compared to previously reported data.",,,,FALSE,FALSE,Adjusted tone to better align with the reader's values
0d6ac844-3abc-4429-af7a-39133f1b541b,6,3,David,2.8,0.22,Positive,"A new report by epidemiologists explores the cellular immune response of COVID-19 vaccines. Their findings demonstrate lower breakthrough infection rates, which could impact public health policy moving forward. A new report by an international team of scientists explores the long-term immunity of COVID-19 vaccines. Their findings demonstrate durable antibody production, which could impact booster recommendations moving forward. A new report by immunologists explores the cellular immune response of COVID-19 vaccines. Their findings demonstrate lower breakthrough infection rates, which could impact vulnerable populations moving forward. Health officials from Health Canada announced today that vaccine eligibility has expanded regarding COVID-19 vaccinations. The data suggests more durable immunity for vaccinated individuals compared to previously reported data.",,,,FALSE,FALSE,Included more detail about the research methodology. Addressed specific concerns mentioned in previous feedback
0d6ac844-3abc-4429-af7a-39133f1b541b,7,3,David,2.9,0.21,Positive,"A new report by public health experts explores the safety profile of COVID-19 vaccines. Their findings demonstrate strong T-cell responses, which could impact public health policy moving forward. Health officials from the CDC announced today that combination vaccines are being developed regarding COVID-19 vaccinations. The data suggests more durable immunity for vaccinated individuals compared to previously reported data. Researchers at University of Oxford have published a study on vaccine mixing strategies related to COVID-19 vaccines. The study reveals unexpected patterns, adding to our understanding of vaccine efficacy.",2.8,0.6,"As someone with community health involvement, I find this article questionable. The research findings presented seems robust and reinforces my views on vaccination. Given my family situation, I remain cautious about getting vaccinated.",FALSE,FALSE,Focused more on long-term data
3c277b32-31d3-41df-8ee7-63283938a5af,1,6,Jennifer,1.3,0.1,Negative,"Recent studies have shown that COVID-19 vaccines provide strong protection against all known variants. Research from Imperial College London indicates that booster shots significantly increase protection for previously infected people, particularly healthcare workers. Health officials from the CDC announced today that booster recommendations have changed regarding COVID-19 vaccinations. The data suggests lower transmission rates for vaccinated individuals compared to other vaccine types.",,,,FALSE,FALSE,
3c277b32-31d3-41df-8ee7-63283938a5af,2,6,Jennifer,1.4,0.05,Negative,"Health officials from European Medicines Agency announced today that safety monitoring has shown positive results regarding COVID-19 vaccinations. The data suggests more durable immunity for vaccinated individuals compared to different age demographics. A new report by epidemiologists explores the safety profile of COVID-19 vaccines. Their findings demonstrate strong T-cell responses, which could impact vaccine mandates moving forward. A new report by public health experts explores the cross-variant protection of COVID-19 vaccines. Their findings demonstrate strong T-cell responses, which could impact vulnerable populations moving forward.",,,,FALSE,FALSE,Addressed specific concerns mentioned in previous feedback
3c277b32-31d3-41df-8ee7-63283938a5af,3,6,Jennifer,1.4,0.01,Negative,"Health officials from European Medicines Agency announced today that safety monitoring has shown positive results regarding COVID-19 vaccinations. The data suggests more durable immunity for vaccinated individuals compared to different age demographics. A new report by epidemiologists explores the safety profile of COVID-19 vaccines. Their findings demonstrate strong T-cell responses, which could impact vaccine mandates moving forward. A new report by public health experts explores the cross-variant protection of COVID-19 vaccines. Their findings demonstrate strong T-cell responses, which could impact vulnerable populations moving forward.",,,,FALSE,FALSE,Addressed specific concerns mentioned in previous feedback
44e7f1e0-bfb0-4517-88b3-e1b6b1aebee8,1,7,Robert,1.2,0.07,Negative,"According to the Surgeon General, the latest data on vaccine effectiveness shows demographic differences. This information is particularly relevant for travelers when considering public health messaging. Health officials from the CDC announced today that safety monitoring has shown positive results regarding COVID-19 vaccinations. The data suggests more durable immunity for vaccinated individuals compared to unvaccinated populations. Researchers at Harvard Medical School have published a study on antibody longevity related to COVID-19 vaccines. The study confirms previous results, adding to our understanding of vaccine efficacy. Researchers at University of Oxford have published a study on demographic response differences related to COVID-19 vaccines. The study challenges conventional wisdom, adding to our understanding of vaccine efficacy.",,,,FALSE,FALSE,
44e7f1e0-bfb0-4517-88b3-e1b6b1aebee8,2,7,Robert,1.2,0.02,Negative,"A new report by vaccine developers explores the cellular immune response of COVID-19 vaccines. Their findings demonstrate lower breakthrough infection rates, which could impact vaccine mandates moving forward. Recent studies have shown that COVID-19 vaccines provide strong protection against the Delta variant. Research from Johns Hopkins University indicates that booster shots significantly increase protection for elderly populations, particularly healthcare workers.",,,,FALSE,FALSE,Addressed specific concerns mentioned in previous feedback
f03cc1ac-51cf-4b80-bfe3-eb277aebd846,1,1,Michael,1.9,0.3,Negative,"Health officials from WHO announced today that safety monitoring has shown positive results regarding COVID-19 vaccinations. The data suggests reduced long-COVID symptoms for vaccinated individuals compared to unvaccinated populations. Researchers at University of Washington have published a study on side effect profiles related to COVID-19 vaccines. The study challenges conventional wisdom, adding to our understanding of herd immunity thresholds. According to Dr. Anthony Fauci, the latest data on vaccine uptake shows steady performance. This information is particularly relevant for educators when considering personal risk assessment. Recent studies have shown that COVID-19 vaccines show declining effectiveness against recent virus mutations. Research from WHO researchers indicates that protection varies by age group for elderly populations, particularly immunocompromised individuals.",,,,FALSE,FALSE,
f03cc1ac-51cf-4b80-bfe3-eb277aebd846,2,1,Michael,2,0.25,Negative,"Researchers at Stanford University have published a study on demographic response differences related to COVID-19 vaccines. The study confirms previous results, adding to our understanding of vaccine efficacy. A new report by epidemiologists explores the long-term immunity of COVID-19 vaccines. Their findings demonstrate minimal side effects, which could impact travel restrictions moving forward.",,,,FALSE,FALSE,Adjusted tone to better align with the reader's values. Focused more on long-term data
f03cc1ac-51cf-4b80-bfe3-eb277aebd846,3,1,Michael,2.1,0.2,Negative,"A new report by epidemiologists explores the cross-variant protection of COVID-19 vaccines. Their findings demonstrate lower breakthrough infection rates, which could impact booster recommendations moving forward. Recent studies have shown that COVID-19 vaccines demonstrate high efficacy against the Delta variant. Research from Mayo Clinic indicates that immunity may wane over time for previously infected people, particularly immunocompromised individuals. Health officials from local health departments announced today that booster recommendations have changed regarding COVID-19 vaccinations. The data suggests more durable immunity for vaccinated individuals compared to other vaccine types. Researchers at Harvard Medical School have published a study on breakthrough infections related to COVID-19 vaccines. The study supports current recommendations, adding to our understanding of immune response mechanisms.",,,,FALSE,FALSE,Clarified the risk-benefit analysis. Addressed specific concerns mentioned in previous feedback
f03cc1ac-51cf-4b80-bfe3-eb277aebd846,4,1,Michael,2.2,0.15,Negative,"According to WHO officials, the latest data on vaccine effectiveness shows demographic differences. This information is particularly relevant for policymakers when considering future vaccination decisions. Researchers at University of Oxford have published a study on side effect profiles related to COVID-19 vaccines. The study supports current recommendations, adding to our understanding of immune response mechanisms. Researchers at Harvard Medical School have published a study on breakthrough infections related to COVID-19 vaccines. The study confirms previous results, adding to our understanding of public health strategies.",,,,FALSE,FALSE,Clarified the risk-benefit analysis. Emphasized community protection benefits. Adjusted tone to better align with the reader's values
f03cc1ac-51cf-4b80-bfe3-eb277aebd846,5,1,Michael,2.3,0.1,Negative,"Researchers at MIT have published a study on vaccine mixing strategies related to COVID-19 vaccines. The study provides new insights, adding to our understanding of public health strategies. A new report by epidemiologists explores the cross-variant protection of COVID-19 vaccines. Their findings demonstrate durable antibody production, which could impact vaccine mandates moving forward. According to Dr. Anthony Fauci, the latest data on vaccine development shows geographic variations. This information is particularly relevant for policymakers when considering future vaccination decisions. Researchers at University of Washington have published a study on side effect profiles related to COVID-19 vaccines. The study supports current recommendations, adding to our understanding of public health strategies.",,,,FALSE,FALSE,Included more detail about the research methodology. Clarified the risk-benefit analysis. Included more information about safety monitoring
f03cc1ac-51cf-4b80-bfe3-eb277aebd846,6,1,Michael,2.6,0.05,Positive,"Researchers at University of Washington have published a study on vaccine mixing strategies related to COVID-19 vaccines. The study provides new insights, adding to our understanding of vaccine efficacy. Recent studies have shown that COVID-19 vaccines maintain robust protection against Omicron subvariants. Research from Mayo Clinic indicates that booster shots significantly increase protection for previously infected people, particularly pregnant women. Researchers at Harvard Medical School have published a study on breakthrough infections related to COVID-19 vaccines. The study reveals unexpected patterns, adding to our understanding of public health strategies. A new report by an international team of scientists explores the long-term immunity of COVID-19 vaccines. Their findings demonstrate reduced viral shedding, which could impact travel restrictions moving forward.",3.2,0.73,"This article provides valuable insights because it ignores important factors. I barely trust the research groups mentioned, and the research findings appears solid. Coming from my public health background, I remain uncertain about the vaccine recommendations.",FALSE,FALSE,Included more detail about the research methodology. Added perspectives from diverse experts
f03cc1ac-51cf-4b80-bfe3-eb277aebd846,7,1,Michael,3.4,0.01,Positive,"Researchers at University of Washington have published a study on vaccine mixing strategies related to COVID-19 vaccines. The study provides new insights, adding to our understanding of vaccine efficacy. Recent studies have shown that COVID-19 vaccines maintain robust protection against Omicron subvariants. Research from Mayo Clinic indicates that booster shots significantly increase protection for previously infected people, particularly pregnant women. Researchers at Harvard Medical School have published a study on breakthrough infections related to COVID-19 vaccines. The study reveals unexpected patterns, adding to our understanding of public health strategies. A new report by an international team of scientists explores the long-term immunity of COVID-19 vaccines. Their findings demonstrate reduced viral shedding, which could impact travel restrictions moving forward.",3.2,0.73,"This article provides valuable insights because it ignores important factors. I barely trust the research groups mentioned, and the research findings appears solid. Coming from my public health background, I remain uncertain about the vaccine recommendations.",FALSE,FALSE,Included more detail about the research methodology. Added perspectives from diverse experts
f1725587-c04f-487e-91c3-b34f330394ec,1,2,Emily,2.2,0.4,Negative,"A new report by public health experts explores the long-term immunity of COVID-19 vaccines. Their findings demonstrate lower breakthrough infection rates, which could impact vaccine mandates moving forward. According to the Surgeon General, the latest data on vaccine development shows concerning patterns. This information is particularly relevant for policymakers when considering public health messaging. Recent studies have shown that COVID-19 vaccines provide strong protection against recent virus mutations. Research from the CDC indicates that immunity may wane over time for elderly populations, particularly those with underlying conditions.",,,,FALSE,FALSE,
f1725587-c04f-487e-91c3-b34f330394ec,2,2,Emily,2.3,0.35,Negative,Health officials from WHO announced today that vaccine eligibility has expanded regarding COVID-19 vaccinations. The data suggests reduced hospitalization rates for vaccinated individuals compared to those with natural immunity only. Health officials from local health departments announced today that new guidelines have been issued regarding COVID-19 vaccinations. The data suggests reduced long-COVID symptoms for vaccinated individuals compared to other vaccine types.,,,,FALSE,FALSE,Adjusted tone to better align with the reader's values
f1725587-c04f-487e-91c3-b34f330394ec,3,2,Emily,2.3,0.3,Negative,"Recent studies have shown that COVID-19 vaccines demonstrate high efficacy against recent virus mutations. Research from Oxford University indicates that protection varies by age group for elderly populations, particularly immunocompromised individuals. Health officials from FDA announced today that booster recommendations have changed regarding COVID-19 vaccinations. The data suggests fewer severe cases for vaccinated individuals compared to other vaccine types.",,,,FALSE,FALSE,Clarified the risk-benefit analysis. Adjusted tone to better align with the reader's values
f1725587-c04f-487e-91c3-b34f330394ec,4,2,Emily,2.3,0.25,Negative,"A new report by an international team of scientists explores the safety profile of COVID-19 vaccines. Their findings demonstrate strong T-cell responses, which could impact vaccine mandates moving forward. Researchers at MIT have published a study on side effect profiles related to COVID-19 vaccines. The study reveals unexpected patterns, adding to our understanding of immune response mechanisms.",,,,FALSE,FALSE,Focused more on long-term data. Emphasized community protection benefits. Included more information about safety monitoring
f1725587-c04f-487e-91c3-b34f330394ec,5,2,Emily,2.3,0.2,Negative,"A new report by immunologists explores the safety profile of COVID-19 vaccines. Their findings demonstrate strong T-cell responses, which could impact vulnerable populations moving forward. A new report by immunologists explores the real-world effectiveness of COVID-19 vaccines. Their findings demonstrate durable antibody production, which could impact public health policy moving forward. According to WHO officials, the latest data on vaccine effectiveness shows geographic variations. This information is particularly relevant for parents when considering community protection.",,,,FALSE,FALSE,Emphasized community protection benefits
f1725587-c04f-487e-91c3-b34f330394ec,6,2,Emily,2.3,0.15,Negative,"Health officials from FDA announced today that new guidelines have been issued regarding COVID-19 vaccinations. The data suggests fewer severe cases for vaccinated individuals compared to other vaccine types. Recent studies have shown that COVID-19 vaccines show declining effectiveness against the Delta variant. Research from Oxford University indicates that immunity may wane over time for high-risk individuals, particularly pregnant women. A new report by immunologists explores the safety profile of COVID-19 vaccines. Their findings demonstrate minimal side effects, which could impact vaccine mandates moving forward. Researchers at University of Washington have published a study on breakthrough infections related to COVID-19 vaccines. The study supports current recommendations, adding to our understanding of immune response mechanisms.",,,,FALSE,FALSE,Added perspectives from diverse experts
f1725587-c04f-487e-91c3-b34f330394ec,7,2,Emily,2.3,0.1,Negative,"According to leading epidemiologists, the latest data on vaccine development shows encouraging improvements. This information is particularly relevant for parents when considering personal risk assessment. Health officials from European Medicines Agency announced today that vaccine eligibility has expanded regarding COVID-19 vaccinations. The data suggests lower transmission rates for vaccinated individuals compared to different age demographics. Researchers at University of Washington have published a study on vaccine mixing strategies related to COVID-19 vaccines. The study challenges conventional wisdom, adding to our understanding of public health strategies.",2.4,0.47,"This article provides valuable insights because it presents diverse perspectives. I barely trust the institutions mentioned, and the population data raises questions. Coming from my public health background, I remain uncertain about the vaccine recommendations.",FALSE,FALSE,Added more specific data points from trusted sources. Emphasized community protection benefits. Clarified the risk-benefit analysis